<!DOCTYPE suite SYSTEM "https://testng.org/testng-1.0.dtd">
<suite name="BrowserStack Suite">
    <test name="Windows Chrome Test">
        <parameter name="os" value="Windows"/>
        <parameter name="osVersion" value="10"/>
        <parameter name="browserName" value="Chrome"/>
        <parameter name="browserVersion" value="120"/>
        <parameter name="device" value=""/>
        <parameter name="realMobile" value="false"/>
        <classes>
            <class name="assignment1.Assignment1"/>
        </classes>
    </test>

    <test name="Android Mobile Test">
        <parameter name="os" value=""/>
        <parameter name="osVersion" value="13"/>
        <parameter name="browserName" value=""/>
        <parameter name="browserVersion" value=""/>
        <parameter name="device" value="Samsung Galaxy S23"/>
        <parameter name="realMobile" value="true"/>
        <classes>
            <class name="assignment1.Assignment1"/>
        </classes>
    </test>

</suite>
